{
  "translation_key": "item.tinkers_waste.rod",
  "icon": {
    "item": "tinkers_waste:rod",
    "nbt": {
      "tic_display": true,
      "tic_materials": ["tconstruct:ui_render#head", "tconstruct:ui_render#handle", "tconstruct:ui_render#extra", "tconstruct:ui_render#large", "tconstruct:ui_render#extra_large"]
    }
  },
  "sortIndex": 90,
  "input_slots": [
    {
      "icon": "tconstruct:bow_limb",
      "translation_key": "item.tconstruct.bow_limb",
      "x": 14,
      "y": 62,
      "filter": {
        "item": "tconstruct:bow_limb"
      }
    },
    {
      "icon": "tconstruct:tool_handle",
      "translation_key": "item.tconstruct.tool_handle",
      "x": 32,
      "y": 44,
      "filter": {
        "item": "tconstruct:tool_handle"
      }
    },
    {
      "icon": "tconstruct:bow_limb",
      "translation_key": "item.tconstruct.bow_limb",
      "x": 50,
      "y": 26,
      "filter": {
        "item": "tconstruct:bow_limb"
      }
    }
  ]
}