{
  "translation_key": "item.tinkers_waste.torch",
  "icon": {
    "item": "tinkers_waste:torch",
    "nbt": {
      "tic_display": true,
      "tic_materials": [ "tconstruct:ui_render#head", "tconstruct:ui_render#handle", "tconstruct:ui_render#extra" ]
    }
  },
  "sortIndex": 2,
  "input_slots": [
    {
      "icon": "tconstruct:bow_limb",
      "translation_key": "item.tconstruct.bow_limb",
      "x": 30,
      "y": 53,
      "filter": {
        "item": "tconstruct:bow_limb"
      }
    },
    {
      "icon": "tinkers_waste:coal",
      "translation_key": "item.minecraft.coal",
      "x": 30,
      "y": 35,
      "filter": {
        "tag": "minecraft:coals"
      }
    }
  ]
}