{
  "parent": "forge:item/default-tool",
	"texture_size": [32, 32],
	"textures": {
		"0": "tinkers_waste:item/tool/backpack/backpack",
		"particle": "tinkers_waste:item/tool/backpack/backpack",
		"missing": "tconstruct:block/seared_stone"
	},
	"elements": [
		{
			"from": [7, 2, 10],
			"to": [9, 4, 13],
			"rotation": {"angle": 0, "axis": "y", "origin": [2, 1, 2]},
			"color": 9,
			"faces": {
				"north": {"uv": [1.5, 1.5, 2.5, 2.5], "texture": "#missing", "cullface": "north"},
				"east": {"uv": [0, 1.5, 1.5, 2.5], "texture": "#missing"},
				"south": {"uv": [4, 1.5, 5, 2.5], "texture": "#missing"},
				"west": {"uv": [0, 0, 1.5, 1], "texture": "#missing"},
				"up": {"uv": [1, 1.5, 0, 0], "texture": "#missing"},
				"down": {"uv": [1, 0, 0, 1.5], "texture": "#missing"}
			}
		},
		{
			"from": [3, 1, 11],
			"to": [13, 13, 12],
			"rotation": {"angle": 0, "axis": "y", "origin": [2, 0, 2]},
			"faces": {
				"north": {"uv": [15, 0.5, 10, 6.5], "texture": "#0"},
				"east": {"uv": [9.5, 0.5, 10, 6.5], "texture": "#0"},
				"south": {"uv": [10, 0.5, 15, 6.5], "texture": "#0"},
				"west": {"uv": [9.5, 0.5, 10, 6.5], "texture": "#0"},
				"up": {"uv": [15, 1, 10, 0.5], "texture": "#0"},
				"down": {"uv": [15, 0, 10, 0.5], "texture": "#0"}
			}
		},
		{
			"from": [3, 0, 3],
			"to": [13, 14, 10],
			"rotation": {"angle": 0, "axis": "y", "origin": [2, 0, 2]},
			"faces": {
				"north": {"uv": [0, 0, 5, 7], "texture": "#0"},
				"east": {"uv": [8.5, 0, 5, 7], "texture": "#0"},
				"south": {"uv": [0, 0, 5, 7], "texture": "#0"},
				"west": {"uv": [5, 0, 8.5, 7], "texture": "#0"},
				"up": {"uv": [5, 14, 0, 10.5], "texture": "#0", "cullface": "up"},
				"down": {"uv": [5, 7, 0, 10.5], "texture": "#0"}
			}
		},
		{
			"from": [5, 0, 2],
			"to": [7, 13, 3],
			"faces": {
				"north": {"uv": [8.5, 1, 9.5, 7.5], "texture": "#0", "cullface": "north"},
				"east": {"uv": [8.5, 1, 9, 7.5], "texture": "#0"},
				"south": {"uv": [8.5, 1, 9.5, 7.5], "texture": "#0"},
				"west": {"uv": [9.01, 1, 9.51, 7.5], "texture": "#0", "cullface": "up"},
				"up": {"uv": [8.5, 0.5, 9.5, 1], "texture": "#0"},
				"down": {"uv": [8.5, 7.5, 9.5, 8], "texture": "#0"}
			}
		},
		{
			"from": [9, 0, 2],
			"to": [11, 13, 3],
			"rotation": {"angle": 0, "axis": "y", "origin": [4, 0, 0]},
			"faces": {
				"north": {"uv": [9.5, 1, 8.5, 7.5], "texture": "#0"},
				"east": {"uv": [9, 1, 9.5, 7.5], "texture": "#0"},
				"south": {"uv": [9.5, 1, 8.5, 7.5], "texture": "#0", "cullface": "south"},
				"west": {"uv": [8.5, 1, 9, 7.5], "texture": "#0"},
				"up": {"uv": [8.5, 0.5, 9.5, 1], "texture": "#0"},
				"down": {"uv": [8.5, 7.5, 9.5, 8], "texture": "#0"}
			}
		},
		{
			"from": [9.01, 13, 2],
			"to": [10.99, 14.414, 3],
			"rotation": {"angle": 45, "axis": "x", "origin": [9, 13, 2]},
			"faces": {
				"north": {"uv": [8.5, 0, 9.49, 0.707], "texture": "#0"},
				"east": {"uv": [9, 0, 9.5, 0.707], "texture": "#0"},
				"south": {"uv": [8.5, 0, 9.49, 0.707], "texture": "#0"},
				"west": {"uv": [8.5, 0, 9, 0.707], "texture": "#0"},
				"up": {"uv": [8.5, 0, 9.49, 0.5], "texture": "#0"},
				"down": {"uv": [8.5, 0, 9.49, 0.5], "texture": "#0"}
			}
		},
		{
			"from": [5.01, 13, 2],
			"to": [6.99, 14.414, 3],
			"rotation": {"angle": 45, "axis": "x", "origin": [6, 13, 2]},
			"faces": {
				"north": {"uv": [8.51, 0, 9.5, 0.707], "texture": "#0", "cullface": "north"},
				"east": {"uv": [8.5, 0, 9, 0.707], "texture": "#0"},
				"south": {"uv": [8.5, 0, 9.49, 0.707], "texture": "#0"},
				"west": {"uv": [9, 0, 9.5, 0.707], "texture": "#0"},
				"up": {"uv": [8.5, 0, 9.49, 0.5], "texture": "#0"},
				"down": {"uv": [8.5, 0, 9.49, 0.5], "texture": "#0"}
			}
		},
		{
			"from": [3.01, 13, 3],
			"to": [12.99, 14, 5.6],
			"rotation": {"angle": -22.5, "axis": "x", "origin": [5, 14, 3]},
			"faces": {
				"north": {"uv": [9.5, 10.3, 10, 10.8], "texture": "#0"},
				"east": {"uv": [7.5, 0, 8.5, 0.5], "texture": "#0"},
				"south": {"uv": [10, 10.3, 10, 10.8], "texture": "#0"},
				"west": {"uv": [8.5, 0, 7.5, 0.5], "texture": "#0"},
				"up": {"uv": [5, 11.5, 0, 10.5], "texture": "#0"},
				"down": {"uv": [10, 10.3, 9.5, 10.8], "texture": "#0"}
			}
		},
		{
			"from": [3.01, 14, 10],
			"to": [12.99, 15, 11],
			"rotation": {"angle": 22.5, "axis": "x", "origin": [5, 15, 10]},
			"faces": {
				"north": {"uv": [0, 13, 4.99, 13.5], "rotation": 180, "texture": "#0"},
				"east": {"uv": [4.5, 13, 5, 13.5], "rotation": 270, "texture": "#0"},
				"south": {"uv": [0, 13, 5, 13.5], "texture": "#0"},
				"west": {"uv": [4.5, 13, 5, 13.5], "rotation": 90, "texture": "#0"},
				"up": {"uv": [0, 13, 5, 13.5], "rotation": 180, "texture": "#0"},
				"down": {"uv": [0, 13, 5, 13.5], "texture": "#0"}
			}
		},
		{
			"from": [3.01, 13.1, 10.63],
			"to": [12.99, 14.1, 11.63],
			"rotation": {"angle": -22.5, "axis": "x", "origin": [5, 14, 12]},
			"faces": {
				"north": {"uv": [0, 13, 5, 13.5], "rotation": 180, "texture": "#0"},
				"east": {"uv": [4.5, 13, 5, 13.5], "rotation": 180, "texture": "#0"},
				"south": {"uv": [0, 13, 5, 13.5], "rotation": 180, "texture": "#0"},
				"west": {"uv": [4.5, 13, 5, 13.5], "rotation": 180, "texture": "#0"},
				"up": {"uv": [0, 13, 4.99, 13.5], "texture": "#0"},
				"down": {"uv": [0, 13, 5, 13.5], "texture": "#0"}
			}
		},
		{
			"from": [3, 13.5, 10.88],
			"to": [13, 14.5, 11.88],
			"rotation": {"angle": 45, "axis": "x", "origin": [8, 14.5, 11.05]},
			"faces": {
				"north": {"uv": [0, 13, 5, 13.5], "rotation": 180, "texture": "#0"},
				"east": {"uv": [0, 0, 0.5, 0.5], "rotation": 270, "texture": "#0"},
				"south": {"uv": [0, 13, 5, 13.5], "texture": "#0"},
				"west": {"uv": [4.5, 13, 5, 13.5], "rotation": 90, "texture": "#0"},
				"up": {"uv": [0, 13, 5, 13.5], "rotation": 180, "texture": "#0"},
				"down": {"uv": [0, 13, 5, 13.5], "texture": "#0"}
			}
		},
		{
			"from": [3, 14, 5.4],
			"to": [13, 15, 10],
			"rotation": {"angle": 0, "axis": "y", "origin": [5, 14, 4]},
			"faces": {
				"north": {"uv": [15.5, 15, 15.5, 15.3], "texture": "#0"},
				"east": {"uv": [5.5, 0, 7.5, 0.5], "texture": "#0"},
				"south": {"uv": [15.5, 14.8, 15.5, 14.8], "texture": "#0"},
				"west": {"uv": [7.5, 0, 5.5, 0.5], "texture": "#0"},
				"up": {"uv": [5, 13.5, 0, 11.5], "texture": "#0", "cullface": "down"},
				"down": {"uv": [5, 8.3, 0, 10.3], "texture": "#0"}
			}
		}
	],
	"display": {
		"thirdperson_righthand": {
			"rotation": [0, 180, 0],
			"translation": [0, 3.25, 0.5],
			"scale": [0.5, 0.5, 0.5]
		},
		"thirdperson_lefthand": {
			"rotation": [0, 180, 0],
			"translation": [0, 3.25, 0.25],
			"scale": [0.5, 0.5, 0.5]
		},
		"firstperson_righthand": {
			"rotation": [0, 180, 0]
		},
		"firstperson_lefthand": {
			"rotation": [0, 180, 0]
		},
		"gui": {
			"rotation": [16, 47, 0],
			"scale": [0.85, 0.85, 0.85]
		},
		"head": {
			"translation": [0, 0.25, 11.5]
		},
		"fixed": {
			"rotation": [0, 180, 0]
		}
	},
	"groups": [
		0,
		1,
		2,
		{
			"name": "group",
			"origin": [6, 13, 2],
			"color": 0,
			"children": [3, 4, 5, 6]
		},
		7,
		8,
		9,
		10,
		11
	]
}