{
  "level_display": "tconstruct:default",
  "modules": [
    {
      "type": "tconstruct:inventory",
      "slots": { "each_level": 18 }
    },
    {
      "type": "tconstruct:modifier_slot",
      "count": 1,
      "name": "upgrades"
    },
    {
      "type": "tconstruct:stat_boost",
      "each_level": 2,
      "operation": "multiply_base",
      "stat": "tconstruct:tank_capacity"
    },
    {
      "type": "tconstruct:inventory_menu",
      "on_key": "any"
    }
  ],
  "tooltip_display": "always"
}