{
  "replace": false,
  "parts": [
    { "path": "tinkers_things:item/tool/parts/large_repair_kit", "stat_type": "tconstruct:repair_kit" },
    
    { "path": "tinkers_things:item/tool/shovel/head",        "stat_type": "tconstruct:head" },
    { "path": "tinkers_things:item/tool/shovel/head_broken", "stat_type": "tconstruct:head" },
    { "path": "tinkers_things:item/tool/shovel/handle",      "stat_type": "tconstruct:handle" },
    
    { "path": "tinkers_things:item/tool/halberd/blade",        "stat_type": "tconstruct:head" },
    { "path": "tinkers_things:item/tool/halberd/blade_broken", "stat_type": "tconstruct:head" },
    { "path": "tinkers_things:item/tool/halberd/spike",        "stat_type": "tconstruct:head" },
    { "path": "tinkers_things:item/tool/halberd/spike_broken", "stat_type": "tconstruct:head" },
    { "path": "tinkers_things:item/tool/halberd/handle",       "stat_type": "tconstruct:handle" },
    { "path": "tinkers_things:item/tool/halberd/grip",         "stat_type": "tconstruct:binding" },
    
    { "path": "tinkers_things:item/tool/halberd/large/blade",        "stat_type": "tconstruct:head" },
    { "path": "tinkers_things:item/tool/halberd/large/blade_broken", "stat_type": "tconstruct:head" },
    { "path": "tinkers_things:item/tool/halberd/large/spike",        "stat_type": "tconstruct:head" },
    { "path": "tinkers_things:item/tool/halberd/large/spike_broken", "stat_type": "tconstruct:head" },
    { "path": "tinkers_things:item/tool/halberd/large/handle",       "stat_type": "tconstruct:handle" },
    { "path": "tinkers_things:item/tool/halberd/large/grip",         "stat_type": "tconstruct:binding" },
    
    { "path": "tinkers_things:item/tool/shortbow/bowstring",        "stat_type": "tconstruct:bowstring" },
    { "path": "tinkers_things:item/tool/shortbow/bowstring_1",      "stat_type": "tconstruct:bowstring" },
    { "path": "tinkers_things:item/tool/shortbow/bowstring_2",      "stat_type": "tconstruct:bowstring" },
    { "path": "tinkers_things:item/tool/shortbow/bowstring_3",      "stat_type": "tconstruct:bowstring" },
    { "path": "tinkers_things:item/tool/shortbow/bowstring_broken", "stat_type": "tconstruct:bowstring" },
    { "path": "tinkers_things:item/tool/shortbow/limb_bottom",   "stat_type": "tconstruct:limb" },
    { "path": "tinkers_things:item/tool/shortbow/limb_bottom_2", "stat_type": "tconstruct:limb" },
    { "path": "tinkers_things:item/tool/shortbow/limb_bottom_3", "stat_type": "tconstruct:limb" },
    { "path": "tinkers_things:item/tool/shortbow/limb_top",      "stat_type": "tconstruct:limb" },
    { "path": "tinkers_things:item/tool/shortbow/limb_top_2",    "stat_type": "tconstruct:limb" },
    { "path": "tinkers_things:item/tool/shortbow/limb_top_3",    "stat_type": "tconstruct:limb" },
    
    { "path": "tinkers_things:item/tool/staff/grip", "stat_type": "tconstruct:bowstring" },
    { "path": "tinkers_things:item/tool/staff/low",  "stat_type": "tconstruct:limb" },
    { "path": "tinkers_things:item/tool/staff/high", "stat_type": "tconstruct:limb" },
    { "path": "tinkers_things:item/tool/staff/large/grip", "stat_type": "tconstruct:bowstring" },
    { "path": "tinkers_things:item/tool/staff/large/low",  "stat_type": "tconstruct:limb" },
    { "path": "tinkers_things:item/tool/staff/large/high", "stat_type": "tconstruct:limb" },
    
    { "path": "tinkers_things:item/tool/laminar_armor/helmet/upper",        "stat_type": "tconstruct:plating_helmet" },
    { "path": "tinkers_things:item/tool/laminar_armor/helmet/upper_broken", "stat_type": "tconstruct:plating_helmet" },
    { "path": "tinkers_things:item/tool/laminar_armor/helmet/lower",        "stat_type": "tconstruct:plating_helmet" },
    { "path": "tinkers_things:item/tool/laminar_armor/helmet/lower_broken", "stat_type": "tconstruct:plating_helmet" },
    { "path": "tinkers_things:item/tool/laminar_armor/helmet/wood",         "stat_type": "tconstruct:shield_core" },
    { "path": "tinkers_things:item/tool/laminar_armor/chestplate/upper",        "stat_type": "tconstruct:plating_chestplate" },
    { "path": "tinkers_things:item/tool/laminar_armor/chestplate/upper_broken", "stat_type": "tconstruct:plating_chestplate" },
    { "path": "tinkers_things:item/tool/laminar_armor/chestplate/lower",        "stat_type": "tconstruct:plating_chestplate" },
    { "path": "tinkers_things:item/tool/laminar_armor/chestplate/lower_broken", "stat_type": "tconstruct:plating_chestplate" },
    { "path": "tinkers_things:item/tool/laminar_armor/chestplate/wood",         "stat_type": "tconstruct:shield_core" },
    { "path": "tinkers_things:item/tool/laminar_armor/leggings/upper",        "stat_type": "tconstruct:plating_leggings" },
    { "path": "tinkers_things:item/tool/laminar_armor/leggings/upper_broken", "stat_type": "tconstruct:plating_leggings" },
    { "path": "tinkers_things:item/tool/laminar_armor/leggings/lower",        "stat_type": "tconstruct:plating_leggings" },
    { "path": "tinkers_things:item/tool/laminar_armor/leggings/lower_broken", "stat_type": "tconstruct:plating_leggings" },
    { "path": "tinkers_things:item/tool/laminar_armor/leggings/wood",         "stat_type": "tconstruct:shield_core" },
    { "path": "tinkers_things:item/tool/laminar_armor/leggings/wood_broken",  "stat_type": "tconstruct:shield_core" },
    { "path": "tinkers_things:item/tool/laminar_armor/boots/upper",        "stat_type": "tconstruct:plating_boots" },
    { "path": "tinkers_things:item/tool/laminar_armor/boots/upper_broken", "stat_type": "tconstruct:plating_boots" },
    { "path": "tinkers_things:item/tool/laminar_armor/boots/lower",        "stat_type": "tconstruct:plating_boots" },
    { "path": "tinkers_things:item/tool/laminar_armor/boots/lower_broken", "stat_type": "tconstruct:plating_boots" },
    { "path": "tinkers_things:item/tool/laminar_armor/boots/wood",         "stat_type": "tconstruct:shield_core" },
    { "path": "tinkers_things:item/tool/laminar_armor/boots/wood_broken",  "stat_type": "tconstruct:shield_core" },
    
    { "path": "tinkers_things:tinker_armor/laminar/upper_armor",    "stat_type": "tconstruct:armor_plating", "allow_animated": false },
    { "path": "tinkers_things:tinker_armor/laminar/upper_leggings", "stat_type": "tconstruct:armor_plating", "allow_animated": false },
    { "path": "tinkers_things:tinker_armor/laminar/lower_armor",    "stat_type": "tconstruct:armor_plating", "allow_animated": false },
    { "path": "tinkers_things:tinker_armor/laminar/lower_leggings", "stat_type": "tconstruct:armor_plating", "allow_animated": false },
    { "path": "tinkers_things:tinker_armor/laminar/wood_armor",     "stat_type": "tconstruct:shield_core",   "allow_animated": false },
    { "path": "tinkers_things:tinker_armor/laminar/wood_leggings",  "stat_type": "tconstruct:shield_core",   "allow_animated": false },
    { "path": "tinkers_things:tinker_armor/laminar/wood_wings",     "stat_type": "tconstruct:shield_core",   "allow_animated": false },
    
    { "path": "tinkers_things:item/tool/laminar_armor/shield/small",         "stat_type": "tconstruct:plating_shield" },
    { "path": "tinkers_things:item/tool/laminar_armor/shield/small_broken",  "stat_type": "tconstruct:plating_shield" },
    { "path": "tinkers_things:item/tool/laminar_armor/shield/small_overlay", "stat_type": "tconstruct:plating_shield" },
    { "path": "tinkers_things:item/tool/laminar_armor/shield/large",         "stat_type": "tconstruct:plating_shield" },
    { "path": "tinkers_things:item/tool/laminar_armor/shield/large_broken",  "stat_type": "tconstruct:plating_shield" },
    { "path": "tinkers_things:item/tool/laminar_armor/shield/large_overlay", "stat_type": "tconstruct:plating_shield" },

    { "path": "tinkers_things:item/tool/makeshift_armor/chestplate_modifiers/tconstruct_embellishment",        "stat_type": "tconstruct:wood" },
    { "path": "tinkers_things:item/tool/makeshift_armor/chestplate_modifiers/broken/tconstruct_embellishment", "stat_type": "tconstruct:wood" },
    { "path": "tinkers_things:item/tool/makeshift_armor/helmet_modifiers/tconstruct_embellishment",            "stat_type": "tconstruct:wood" },
    { "path": "tinkers_things:item/tool/makeshift_armor/helmet_modifiers/broken/tconstruct_embellishment",     "stat_type": "tconstruct:wood" },
    { "path": "tinkers_things:tinker_armor/makeshift/armor", "allow_animated": false,                          "stat_type": "tconstruct:wood" }
  ],
  "overrides": {
    "tconstruct:wood": [
      "tconstruct:gold"
    ]
  }
}