{
  "modules": [
    {
      "type": "tconstruct:part_stats",
      "parts": [
        "tconstruct:bow_limb",
        "tconstruct:tool_handle",
        "tconstruct:bow_limb"
      ],
      "primary_part": 0
    },
    {
      "type": "tconstruct:default_materials",
      "materials": [
        {
          "type": "tconstruct:random",
          "tier": 1
        },
        {
          "type": "tconstruct:random",
          "tier": 1
        },
        {
          "type": "tconstruct:random",
          "tier": 1
        }
      ]
    },
    {
      "type": "tconstruct:base_stats",
      "stats": {
        "tconstruct:block_amount": 15.0,
        "tconstruct:use_item_speed": 0.4
      }
    },
    {
      "type": "tconstruct:modifier_slots",
      "slots": {
        "upgrades": 3,
        "abilities": 1
      }
    },
    {
      "type": "tconstruct:traits",
      "traits": [
        {
          "name": "tconstruct:knockback",
          "level": 2
        },
        {
          "name": "tconstruct:reach",
          "level": 2
        }
      ]
    },
    {
      "type": "tconstruct:circle_aoe",
      "3D": false,
      "diameter": 1
    },
    {
      "type": "tconstruct:dual_option_interaction"
    }
  ]
}