{
  "modules": [
    {
      "type": "tconstruct:part_stats",
      "parts": [
        "tconstruct:bow_limb"
      ],
      "primary_part": 0
    },
    {
      "type": "tconstruct:default_materials",
      "materials": [
        {
          "type": "tconstruct:random",
          "tier": 1
        }
      ]
    },
    {
      "type": "tconstruct:modifier_slots",
      "slots": {
        "upgrades": 3,
        "abilities": 1
      }
    },
    {
      "type": "tconstruct:traits",
      "traits": [
        {
          "name": "tconstruct:glowing",
          "level": 1
        },
        {
          "name": "tconstruct:fiery",
          "level": 1
        }
      ]
    },
    {
      "type": "tconstruct:base_stats",
      "stats": {
        "tconstruct:use_item_speed": 1,
        "tconstruct:block_amount": 10.0
      }
    },
    {
      "type": "tconstruct:circle_aoe",
      "3D": false,
      "diameter": 1
    },
    {
      "type": "tconstruct:dual_option_interaction"
    }
  ]
}