{
  "fallbacks": [ "rock" ],
  "color": "680F00",
  "luminosity": 6,
  "generator": {
    "transformer": {
      "type": "tconstruct:recolor_sprite",
      "color_mapping": {
        "type": "tconstruct:grey_to_color",
        "palette": [
          { "grey": 0,   "color": "FF000000" },
          { "grey": 63,  "color": "FF240000" },
          { "grey": 102, "color": "FF350000" },
          { "grey": 140, "color": "FF450000" },
          { "grey": 178, "color": "FF5D0000" },
          { "grey": 216, "color": "FF680F00" },
          { "grey": 255, "color": "FF771200" }
        ]
      }
    },
    "supportedStats": [
      "tconstruct:head",
      "tconstruct:handle",
      "tconstruct:binding",
      "tconstruct:repair_kit",
      
      "tconstruct:armor_plating",
      "tconstruct:plating_boots",
      "tconstruct:plating_leggings",
      "tconstruct:plating_chestplate",
      "tconstruct:plating_helmet",
      "tconstruct:plating_shield",
      "tconstruct:maille",
      "tconstruct:armor_maille"
    ],
    "ignoreMaterialStats": false
  }
}