{
  "fallbacks": [ "primitive" ],
  "color": "8C4B00",
  "luminosity": 6,
  "generator": {
    "transformer": {
      "type": "tconstruct:recolor_sprite",
      "color_mapping": {
        "type": "tconstruct:grey_to_color",
        "palette": [
          { "grey":   0, "color": "FF000000" },
          { "grey":  63, "color": "FF450000" },
          { "grey": 102, "color": "FF5D0000" },
          { "grey": 140, "color": "FF771200" },
          { "grey": 178, "color": "FF842F00" },
          { "grey": 216, "color": "FF8C4B00" },
          { "grey": 255, "color": "FFB25F00" }
        ]
      }
    },
    "supportedStats": [ "tconstruct:binding", "tconstruct:bowstring" ],
    "ignoreMaterialStats": false
  }
}